component_id,relevant,injected_defects,fragility
0,0,0,0.5536360117490196
1,0,0,0.39507572294905674
2,0,0,0.44061804624037104
3,1,25,0.7210262123586226
4,0,0,0.22545058502577364
5,0,0,0.37952420995866826
6,1,3,0.6830718211378017
7,0,0,0.07055642201030017
8,0,0,0.554475310616713
9,0,0,0.24637158157170175
10,1,12,0.5956713256972275
11,0,0,0.2319435389005695
12,0,0,0.3517995194882171
13,0,0,0.9438631480037596
14,1,11,0.6891381458968551
15,0,0,0.5011933836743055
16,0,0,0.22251443790693304
17,0,0,0.5107747423869212
18,0,0,0.47571423427225745
19,0,0,0.38806257727736204
20,1,15,0.7275256192390296
21,0,0,0.7727710436942713
22,0,0,0.5543650995194309
23,0,0,0.3780433387147323
24,0,0,0.5071314777665598
25,0,0,0.45284074379330697
26,0,0,0.37612470649562824
27,0,0,0.41588985188998256
28,0,0,0.7230001760941429
29,1,16,0.5641475006139395
30,1,3,0.7487625856545534
31,1,2,0.8759087313070588
32,1,12,0.7437728146780812
33,1,12,0.489401038272853
34,0,0,0.5914766838190695
35,1,5,0.7557975180522738
36,0,0,0.407167973757126
37,0,0,0.3360102238683359
38,0,0,0.12683372501433263
39,0,0,0.6445723685486946
40,0,0,0.4036552289188329
41,0,0,0.46319167295953206
42,0,0,0.6021083995532486
43,1,4,0.4978862751338562
44,0,0,0.8098588517769703
