defect_id,component_id,category,affected_pathway_id,criticality_band,criticality_score,related_test_id,test_executed,executable_fault
D-001,3,missing fallback,2,Low,0.25,T-C03-001,False,False
D-002,3,test-gap exposure,6,Low,0.25,T-C03-002,False,False
D-003,3,observability gap,9,Moderate,0.5,T-C03-003,False,False
D-004,3,dependency misuse,2,Low,0.25,T-C03-004,False,False
D-005,3,unstable service interaction,6,Low,0.25,T-C03-005,False,False
D-006,3,schema/contract inconsistency,9,Moderate,0.5,T-C03-006,False,False
D-007,3,missing fallback,2,Low,0.25,T-C03-007,False,False
D-008,3,test-gap exposure,6,Low,0.25,T-C03-008,False,False
D-009,3,observability gap,9,Moderate,0.5,T-C03-009,False,False
D-010,3,dependency misuse,2,Low,0.25,T-C03-010,False,False
D-011,3,unstable service interaction,6,Low,0.25,T-C03-011,False,False
D-012,3,schema/contract inconsistency,9,Moderate,0.5,T-C03-012,False,False
D-013,3,missing fallback,2,Low,0.25,T-C03-013,False,False
D-014,3,test-gap exposure,6,Low,0.25,T-C03-014,False,False
D-015,3,observability gap,9,Moderate,0.5,T-C03-015,False,False
D-016,3,dependency misuse,2,Low,0.25,T-C03-016,False,False
D-017,3,unstable service interaction,6,Low,0.25,T-C03-017,False,False
D-018,3,schema/contract inconsistency,9,Moderate,0.5,T-C03-018,False,False
D-019,3,missing fallback,2,Low,0.25,T-C03-019,False,False
D-020,3,test-gap exposure,6,Low,0.25,T-C03-020,False,False
D-021,3,observability gap,9,Moderate,0.5,T-C03-021,False,False
D-022,3,dependency misuse,2,Low,0.25,T-C03-022,False,False
D-023,3,unstable service interaction,6,Low,0.25,T-C03-023,False,False
D-024,3,schema/contract inconsistency,9,Moderate,0.5,T-C03-024,False,False
D-025,3,missing fallback,2,Low,0.25,T-C03-025,False,False
D-026,6,dependency misuse,4,Moderate,0.5,T-C06-001,False,False
D-027,6,unstable service interaction,6,Low,0.25,T-C06-002,False,False
D-028,6,schema/contract inconsistency,8,High,0.75,T-C06-003,False,False
D-029,10,test-gap exposure,0,Moderate,0.5,T-C10-001,False,False
D-030,10,observability gap,4,Moderate,0.5,T-C10-002,False,False
D-031,10,dependency misuse,5,Critical,1.0,T-C10-003,False,False
D-032,10,unstable service interaction,7,High,0.75,T-C10-004,False,False
D-033,10,schema/contract inconsistency,0,Moderate,0.5,T-C10-005,False,False
D-034,10,missing fallback,4,Moderate,0.5,T-C10-006,False,False
D-035,10,test-gap exposure,5,Critical,1.0,T-C10-007,False,False
D-036,10,observability gap,7,High,0.75,T-C10-008,False,False
D-037,10,dependency misuse,0,Moderate,0.5,T-C10-009,False,False
D-038,10,unstable service interaction,4,Moderate,0.5,T-C10-010,False,False
D-039,10,schema/contract inconsistency,5,Critical,1.0,T-C10-011,False,False
D-040,10,missing fallback,7,High,0.75,T-C10-012,False,False
D-041,14,schema/contract inconsistency,7,High,0.75,T-C14-001,False,False
D-042,14,missing fallback,13,High,0.75,T-C14-002,False,False
D-043,14,test-gap exposure,7,High,0.75,T-C14-003,False,False
D-044,14,observability gap,13,High,0.75,T-C14-004,False,False
D-045,14,dependency misuse,7,High,0.75,T-C14-005,False,False
D-046,14,unstable service interaction,13,High,0.75,T-C14-006,False,False
D-047,14,schema/contract inconsistency,7,High,0.75,T-C14-007,False,False
D-048,14,missing fallback,13,High,0.75,T-C14-008,False,False
D-049,14,test-gap exposure,7,High,0.75,T-C14-009,False,False
D-050,14,observability gap,13,High,0.75,T-C14-010,False,False
D-051,14,dependency misuse,7,High,0.75,T-C14-011,False,False
D-052,20,schema/contract inconsistency,3,Low,0.25,T-C20-001,False,False
D-053,20,missing fallback,4,Moderate,0.5,T-C20-002,False,False
D-054,20,test-gap exposure,5,Critical,1.0,T-C20-003,False,False
D-055,20,observability gap,3,Low,0.25,T-C20-004,False,False
D-056,20,dependency misuse,4,Moderate,0.5,T-C20-005,False,False
D-057,20,unstable service interaction,5,Critical,1.0,T-C20-006,False,False
D-058,20,schema/contract inconsistency,3,Low,0.25,T-C20-007,False,False
D-059,20,missing fallback,4,Moderate,0.5,T-C20-008,False,False
D-060,20,test-gap exposure,5,Critical,1.0,T-C20-009,False,False
D-061,20,observability gap,3,Low,0.25,T-C20-010,False,False
D-062,20,dependency misuse,4,Moderate,0.5,T-C20-011,False,False
D-063,20,unstable service interaction,5,Critical,1.0,T-C20-012,False,False
D-064,20,schema/contract inconsistency,3,Low,0.25,T-C20-013,False,False
D-065,20,missing fallback,4,Moderate,0.5,T-C20-014,False,False
D-066,20,test-gap exposure,5,Critical,1.0,T-C20-015,False,False
D-067,29,observability gap,4,Moderate,0.5,T-C29-001,False,False
D-068,29,dependency misuse,8,High,0.75,T-C29-002,False,False
D-069,29,unstable service interaction,10,Moderate,0.5,T-C29-003,False,False
D-070,29,schema/contract inconsistency,4,Moderate,0.5,T-C29-004,False,False
D-071,29,missing fallback,8,High,0.75,T-C29-005,False,False
D-072,29,test-gap exposure,10,Moderate,0.5,T-C29-006,False,False
D-073,29,observability gap,4,Moderate,0.5,T-C29-007,False,False
D-074,29,dependency misuse,8,High,0.75,T-C29-008,False,False
D-075,29,unstable service interaction,10,Moderate,0.5,T-C29-009,False,False
D-076,29,schema/contract inconsistency,4,Moderate,0.5,T-C29-010,False,False
D-077,29,missing fallback,8,High,0.75,T-C29-011,False,False
D-078,29,test-gap exposure,10,Moderate,0.5,T-C29-012,False,False
D-079,29,observability gap,4,Moderate,0.5,T-C29-013,False,False
D-080,29,dependency misuse,8,High,0.75,T-C29-014,False,False
D-081,29,unstable service interaction,10,Moderate,0.5,T-C29-015,False,False
D-082,29,schema/contract inconsistency,4,Moderate,0.5,T-C29-016,False,False
D-083,30,dependency misuse,6,Low,0.25,T-C30-001,False,False
D-084,30,unstable service interaction,9,Moderate,0.5,T-C30-002,False,False
D-085,30,schema/contract inconsistency,11,Critical,1.0,T-C30-003,False,False
D-086,31,unstable service interaction,2,Low,0.25,T-C31-001,False,False
D-087,31,schema/contract inconsistency,9,Moderate,0.5,T-C31-002,False,False
D-088,32,schema/contract inconsistency,8,High,0.75,T-C32-001,False,False
D-089,32,missing fallback,9,Moderate,0.5,T-C32-002,False,False
D-090,32,test-gap exposure,10,Moderate,0.5,T-C32-003,False,False
D-091,32,observability gap,8,High,0.75,T-C32-004,False,False
D-092,32,dependency misuse,9,Moderate,0.5,T-C32-005,False,False
D-093,32,unstable service interaction,10,Moderate,0.5,T-C32-006,False,False
D-094,32,schema/contract inconsistency,8,High,0.75,T-C32-007,False,False
D-095,32,missing fallback,9,Moderate,0.5,T-C32-008,False,False
D-096,32,test-gap exposure,10,Moderate,0.5,T-C32-009,False,False
D-097,32,observability gap,8,High,0.75,T-C32-010,False,False
D-098,32,dependency misuse,9,Moderate,0.5,T-C32-011,False,False
D-099,32,unstable service interaction,10,Moderate,0.5,T-C32-012,False,False
D-100,33,missing fallback,1,Low,0.25,T-C33-001,False,False
D-101,33,test-gap exposure,2,Low,0.25,T-C33-002,False,False
D-102,33,observability gap,6,Low,0.25,T-C33-003,False,False
D-103,33,dependency misuse,8,High,0.75,T-C33-004,False,False
D-104,33,unstable service interaction,13,High,0.75,T-C33-005,False,False
D-105,33,schema/contract inconsistency,1,Low,0.25,T-C33-006,False,False
D-106,33,missing fallback,2,Low,0.25,T-C33-007,False,False
D-107,33,test-gap exposure,6,Low,0.25,T-C33-008,False,False
D-108,33,observability gap,8,High,0.75,T-C33-009,False,False
D-109,33,dependency misuse,13,High,0.75,T-C33-010,False,False
D-110,33,unstable service interaction,1,Low,0.25,T-C33-011,False,False
D-111,33,schema/contract inconsistency,2,Low,0.25,T-C33-012,False,False
D-112,35,observability gap,4,Moderate,0.5,T-C35-001,False,False
D-113,35,dependency misuse,7,High,0.75,T-C35-002,False,False
D-114,35,unstable service interaction,11,Critical,1.0,T-C35-003,False,False
D-115,35,schema/contract inconsistency,4,Moderate,0.5,T-C35-004,False,False
D-116,35,missing fallback,7,High,0.75,T-C35-005,False,False
D-117,43,unstable service interaction,8,High,0.75,T-C43-001,False,False
D-118,43,schema/contract inconsistency,9,Moderate,0.5,T-C43-002,False,False
D-119,43,missing fallback,8,High,0.75,T-C43-003,False,False
D-120,43,test-gap exposure,9,Moderate,0.5,T-C43-004,False,False
