component_id,reported_Ca,graph_Ca,reported_Ce,graph_Ce,graph_instability
0,18,13,13,13,0.5
1,7,12,9,9,0.42857142857142855
2,7,10,13,13,0.5652173913043478
3,16,9,9,9,0.5
4,11,9,15,15,0.625
5,6,11,9,9,0.45
6,8,12,5,5,0.29411764705882354
7,18,7,4,4,0.36363636363636365
8,2,11,8,8,0.42105263157894735
9,8,11,15,15,0.5769230769230769
10,20,10,14,14,0.5833333333333334
11,19,12,9,9,0.42857142857142855
12,18,12,11,11,0.4782608695652174
13,9,5,7,7,0.5833333333333334
14,10,3,11,11,0.7857142857142857
15,7,11,14,14,0.56
16,17,10,6,6,0.375
17,21,7,6,6,0.46153846153846156
18,4,8,9,9,0.5294117647058824
19,18,9,11,11,0.55
20,19,15,15,15,0.5
21,11,5,15,15,0.75
22,9,12,8,8,0.4
23,13,10,9,9,0.47368421052631576
24,8,8,12,12,0.6
25,4,5,4,4,0.4444444444444444
26,19,10,3,3,0.23076923076923078
27,5,10,12,12,0.5454545454545454
28,2,14,13,13,0.48148148148148145
29,9,9,4,4,0.3076923076923077
30,10,10,11,11,0.5238095238095238
31,13,8,6,6,0.42857142857142855
32,2,7,9,9,0.5625
33,13,9,7,7,0.4375
34,21,11,7,7,0.3888888888888889
35,16,8,11,11,0.5789473684210527
36,18,14,12,12,0.46153846153846156
37,13,11,4,4,0.26666666666666666
38,21,7,8,8,0.5333333333333333
39,9,12,8,8,0.4
40,17,6,13,13,0.6842105263157895
41,20,10,14,14,0.5833333333333334
42,10,12,8,8,0.4
43,9,9,15,15,0.625
44,11,13,11,11,0.4583333333333333
